comparator,endpoint,seed,real,comparison,difference
circular_mean,svm_activity_mean,6101,0.32280043607506087,0.3179457631339983,0.0048546729410625655
circular_mean,svm_activity_mean,6102,0.300773742295454,0.31098434827989485,-0.010210605984440846
circular_mean,svm_activity_mean,6103,0.29880716574861604,0.30264761794357464,-0.003840452194958599
circular_mean,svm_activity_mean,6104,0.30555026107993755,0.31460882688766817,-0.009058565807730623
circular_mean,svm_activity_mean,6105,0.31110538772441787,0.3099753358488427,0.0011300518755751887
circular_mean,svm_activity_mean,6106,0.2988025093501646,0.2953175167057356,0.0034849926444290302
circular_mean,svm_activity_mean,6107,0.3196181123627447,0.3136128876140915,0.006005224748653171
circular_mean,svm_activity_mean,6108,0.3216142061880001,0.2924193710009815,0.029194835187018597
circular_mean,svm_activity_mean,6109,0.3076733882389753,0.30641070690728367,0.0012626813316916063
circular_mean,svm_activity_mean,6110,0.31955899553708694,0.3187657081533655,0.0007932873837214194
circular_mean,mpn_probability_all_valid_mean,6101,0.5066507695517826,0.49153664981824313,0.015114119733539433
circular_mean,mpn_probability_all_valid_mean,6102,0.4999200236028868,0.5014032911302079,-0.001483267527321086
circular_mean,mpn_probability_all_valid_mean,6103,0.4874675074750079,0.4891762722559601,-0.001708764780952221
circular_mean,mpn_probability_all_valid_mean,6104,0.4977524910529028,0.49386072941908665,0.00389176163381616
circular_mean,mpn_probability_all_valid_mean,6105,0.4968780316896835,0.4917136124069037,0.005164419282779775
circular_mean,mpn_probability_all_valid_mean,6106,0.5009348938702319,0.482897301708516,0.01803759216171591
circular_mean,mpn_probability_all_valid_mean,6107,0.5217021190584131,0.5059052215208975,0.015796897537515675
circular_mean,mpn_probability_all_valid_mean,6108,0.5046628469434219,0.4928168350944681,0.011846011848953786
circular_mean,mpn_probability_all_valid_mean,6109,0.49358819334507376,0.5009295027740445,-0.00734130942897071
circular_mean,mpn_probability_all_valid_mean,6110,0.511606063592745,0.4921125834041506,0.01949348018859437
circular_mean,mpn_probability_ad_mean,6101,0.46520492819289566,0.4618335378043572,0.0033713903885384533
circular_mean,mpn_probability_ad_mean,6102,0.47160112159670287,0.48190523809480806,-0.010304116498105198
circular_mean,mpn_probability_ad_mean,6103,0.4389928737883228,0.46112595433543024,-0.022133080547107442
circular_mean,mpn_probability_ad_mean,6104,0.43894830953861985,0.46144793431838554,-0.022499624779765692
circular_mean,mpn_probability_ad_mean,6105,0.4958306457607678,0.46371422523057565,0.03211642053019215
circular_mean,mpn_probability_ad_mean,6106,0.42826885797351666,0.4390432165242175,-0.010774358550700858
circular_mean,mpn_probability_ad_mean,6107,0.46299842128218155,0.4599149938270199,0.003083427455161658
circular_mean,mpn_probability_ad_mean,6108,0.5161861617587448,0.4731066003783868,0.043079561380357956
circular_mean,mpn_probability_ad_mean,6109,0.47095260664171473,0.4827792187983034,-0.011826612156588645
circular_mean,mpn_probability_ad_mean,6110,0.46738333006471616,0.47465829044255475,-0.007274960377838591
circular_mean,ad_coverage,6101,0.04198473282442748,0.04238931122868598,-0.0004045784042584974
circular_mean,ad_coverage,6102,0.053228346456692915,0.041914547911666496,0.01131379854502642
circular_mean,ad_coverage,6103,0.045368020304568525,0.03921245675992046,0.0061555635446480655
circular_mean,ad_coverage,6104,0.05534471853257432,0.04258254929642491,0.01276216923614941
circular_mean,ad_coverage,6105,0.04292929292929293,0.03681275436383729,0.006116538565455638
circular_mean,ad_coverage,6106,0.055115616091225846,0.041583828941604596,0.01353178714962125
circular_mean,ad_coverage,6107,0.03673210892970234,0.04006574123950984,-0.003333632309807495
circular_mean,ad_coverage,6108,0.04007573366992742,0.04646936525391171,-0.006393631583984288
circular_mean,ad_coverage,6109,0.03527168732125834,0.04606528014605274,-0.010793592824794397
circular_mean,ad_coverage,6110,0.03247373447946514,0.03581432614112431,-0.003340591661659169
circular_mean,qed_mean,6101,0.6735879118526231,0.6805833673498527,-0.006995455497229575
circular_mean,qed_mean,6102,0.6892563322783952,0.6916758682452793,-0.0024195359668840455
circular_mean,qed_mean,6103,0.6826128263718151,0.6860257641046391,-0.0034129377328240285
circular_mean,qed_mean,6104,0.6891664670025358,0.6946164181083341,-0.0054499511057982675
circular_mean,qed_mean,6105,0.6947411061650631,0.697551681407878,-0.0028105752428149167
circular_mean,qed_mean,6106,0.685778534895141,0.6938606786381382,-0.008082143742997205
circular_mean,qed_mean,6107,0.6907990917071107,0.6856725295337641,0.005126562173346616
circular_mean,qed_mean,6108,0.6808478481541865,0.6992099582671617,-0.018362110112975172
circular_mean,qed_mean,6109,0.6812521675048414,0.6798925024724695,0.0013596650323719484
circular_mean,qed_mean,6110,0.6841000856211618,0.6838744899932149,0.00022559562794688404
circular_mean,mw_target_score_mean,6101,0.9370229007633588,0.931566105924779,0.005456794838579859
circular_mean,mw_target_score_mean,6102,0.9407874015748031,0.9417163827677056,-0.0009289811929025227
circular_mean,mw_target_score_mean,6103,0.9378172588832487,0.9424963692622637,-0.004679110379014917
circular_mean,mw_target_score_mean,6104,0.941808981657179,0.9436085668575304,-0.0017995852003513946
circular_mean,mw_target_score_mean,6105,0.9362373737373737,0.9366639652871468,-0.0004265915497730921
circular_mean,mw_target_score_mean,6106,0.9394995248653786,0.940049773936482,-0.0005502490711034591
circular_mean,mw_target_score_mean,6107,0.9335022165927802,0.9368944536145544,-0.003392237021774158
circular_mean,mw_target_score_mean,6108,0.9384663931839697,0.9420767029847955,-0.003610309800825773
circular_mean,mw_target_score_mean,6109,0.9367651731808071,0.9354592218530494,0.0013059513277576817
circular_mean,mw_target_score_mean,6110,0.9267749124482649,0.9419861345381123,-0.015211222089847376
circular_mean,validity,6101,0.9825,0.9879166666666667,-0.005416666666666625
circular_mean,validity,6102,0.9921875,0.9865625000000001,0.00562499999999988
circular_mean,validity,6103,0.985,0.9855208333333333,-0.0005208333333333037
circular_mean,validity,6104,0.988125,0.9882291666666667,-0.00010416666666668295
circular_mean,validity,6105,0.99,0.9848958333333333,0.005104166666666687
circular_mean,validity,6106,0.9865625,0.9870833333333332,-0.0005208333333331927
circular_mean,validity,6107,0.986875,0.9854166666666666,0.0014583333333333393
circular_mean,validity,6108,0.9903125,0.9908333333333333,-0.0005208333333333037
circular_mean,validity,6109,0.9834375,0.9860416666666666,-0.0026041666666666297
circular_mean,validity,6110,0.9815625,0.9858333333333333,-0.004270833333333335
circular_mean,uniqueness,6101,1.0,0.9998944813759628,0.00010551862403718193
circular_mean,uniqueness,6102,0.9996850393700787,0.9998945147679326,-0.00020947539785387548
circular_mean,uniqueness,6103,0.9996827411167513,1.0,-0.00031725888324873885
circular_mean,uniqueness,6104,0.9996837444655281,0.9995773883528805,0.00010635611264764311
circular_mean,uniqueness,6105,0.9990530303030303,1.0,-0.0009469696969697239
circular_mean,uniqueness,6106,0.9993664871713652,0.9997891629559313,-0.00042267578456611776
circular_mean,uniqueness,6107,1.0,0.9995767145502202,0.00042328544977976446
circular_mean,uniqueness,6108,1.0,0.9997898938964177,0.0002101061035822971
circular_mean,uniqueness,6109,1.0,0.9994721701194903,0.0005278298805097004
circular_mean,uniqueness,6110,1.0,1.0,0.0
circular_mean,scaffold_diversity,6101,0.9484732824427481,0.9373762337778824,0.011097048664865716
circular_mean,scaffold_diversity,6102,0.9508661417322835,0.9467929182802292,0.004073223452054298
circular_mean,scaffold_diversity,6103,0.9486040609137056,0.9582571088369692,-0.009653047923263602
circular_mean,scaffold_diversity,6104,0.9408602150537635,0.9469728410205925,-0.006112625966829044
circular_mean,scaffold_diversity,6105,0.9431818181818182,0.94775515792416,-0.004573339742341753
circular_mean,scaffold_diversity,6106,0.9436173582515046,0.9383732201972084,0.0052441380542962435
circular_mean,scaffold_diversity,6107,0.9528182393920203,0.9448319924154186,0.007986246976601663
circular_mean,scaffold_diversity,6108,0.9608709372041654,0.9445994006528657,0.016271536551299648
circular_mean,scaffold_diversity,6109,0.9510645058786146,0.9434834037274111,0.007581102151203445
circular_mean,scaffold_diversity,6110,0.9458771092008914,0.9476920654475083,-0.0018149562466168723
cross_seed,svm_activity_mean,6101,0.32280043607506087,0.2958898170460828,0.026910619028978067
cross_seed,svm_activity_mean,6102,0.300773742295454,0.3295145661770373,-0.028740823881583277
cross_seed,svm_activity_mean,6103,0.29880716574861604,0.3265107818556872,-0.02770361610707117
cross_seed,svm_activity_mean,6104,0.30555026107993755,0.30613029982546214,-0.0005800387455245914
cross_seed,svm_activity_mean,6105,0.31110538772441787,0.3342059624595737,-0.02310057473515581
cross_seed,svm_activity_mean,6106,0.2988025093501646,0.29687894361983846,0.0019235657303261489
cross_seed,svm_activity_mean,6107,0.3196181123627447,0.3042117530604291,0.015406359302315598
cross_seed,svm_activity_mean,6108,0.3216142061880001,0.3169032037844775,0.004711002403522568
cross_seed,svm_activity_mean,6109,0.3076733882389753,0.3125875879062736,-0.004914199667298336
cross_seed,svm_activity_mean,6110,0.31955899553708694,0.32541675889329724,-0.005857763356210299
cross_seed,mpn_probability_all_valid_mean,6101,0.5066507695517826,0.5016830627878236,0.004967706763958968
cross_seed,mpn_probability_all_valid_mean,6102,0.4999200236028868,0.5046158359728141,-0.004695812369927332
cross_seed,mpn_probability_all_valid_mean,6103,0.4874675074750079,0.49030486642661625,-0.0028373589516083597
cross_seed,mpn_probability_all_valid_mean,6104,0.4977524910529028,0.48277109844598415,0.014981392606918664
cross_seed,mpn_probability_all_valid_mean,6105,0.4968780316896835,0.5040236845301107,-0.00714565284042723
cross_seed,mpn_probability_all_valid_mean,6106,0.5009348938702319,0.4987227710221833,0.0022121228480486144
cross_seed,mpn_probability_all_valid_mean,6107,0.5217021190584131,0.48302865395493394,0.03867346510347919
cross_seed,mpn_probability_all_valid_mean,6108,0.5046628469434219,0.5047378020159664,-7.495507254451361e-05
cross_seed,mpn_probability_all_valid_mean,6109,0.49358819334507376,0.4947943498182085,-0.0012061564731347674
cross_seed,mpn_probability_all_valid_mean,6110,0.511606063592745,0.48961688741727555,0.021989176175469416
cross_seed,mpn_probability_ad_mean,6101,0.46520492819289566,0.46838529973304033,-0.0031803715401446664
cross_seed,mpn_probability_ad_mean,6102,0.47160112159670287,0.4862549478637761,-0.014653826267073233
cross_seed,mpn_probability_ad_mean,6103,0.4389928737883228,0.4914337804105438,-0.052440906622221006
cross_seed,mpn_probability_ad_mean,6104,0.43894830953861985,0.42945767344702435,0.009490636091595506
cross_seed,mpn_probability_ad_mean,6105,0.4958306457607678,0.5050390684774833,-0.009208422716715459
cross_seed,mpn_probability_ad_mean,6106,0.42826885797351666,0.46958348008609996,-0.0413146221125833
cross_seed,mpn_probability_ad_mean,6107,0.46299842128218155,0.4654513852226762,-0.002452963940494657
cross_seed,mpn_probability_ad_mean,6108,0.5161861617587448,0.453188868921536,0.06299729283720878
cross_seed,mpn_probability_ad_mean,6109,0.47095260664171473,0.4633882432669936,0.007564363374721106
cross_seed,mpn_probability_ad_mean,6110,0.46738333006471616,0.4671562606278299,0.00022706943688627357
cross_seed,ad_coverage,6101,0.04198473282442748,0.043602800763844686,-0.0016180679394172046
cross_seed,ad_coverage,6102,0.053228346456692915,0.045900601456157014,0.007327745000535901
cross_seed,ad_coverage,6103,0.045368020304568525,0.036755386565272496,0.008612633739296029
cross_seed,ad_coverage,6104,0.05534471853257432,0.048086048718759884,0.007258669813814435
cross_seed,ad_coverage,6105,0.04292929292929293,0.03321733628598545,0.009711956643307477
cross_seed,ad_coverage,6106,0.055115616091225846,0.047573739295908656,0.00754187679531719
cross_seed,ad_coverage,6107,0.03673210892970234,0.03589580686149937,0.0008363020682029751
cross_seed,ad_coverage,6108,0.04007573366992742,0.032391235312797716,0.007684498357129706
cross_seed,ad_coverage,6109,0.03527168732125834,0.048904414099714195,-0.013632726778455853
cross_seed,ad_coverage,6110,0.03247373447946514,0.03482114593225704,-0.002347411452791902
cross_seed,qed_mean,6101,0.6735879118526231,0.6787787945688305,-0.005190882716207379
cross_seed,qed_mean,6102,0.6892563322783952,0.6886646906771052,0.0005916416012899939
cross_seed,qed_mean,6103,0.6826128263718151,0.6732598058166671,0.009353020555147973
cross_seed,qed_mean,6104,0.6891664670025358,0.6919901206303052,-0.0028236536277693736
cross_seed,qed_mean,6105,0.6947411061650631,0.6674063286928723,0.02733477747219082
cross_seed,qed_mean,6106,0.685778534895141,0.6845322630305212,0.0012462718646197857
cross_seed,qed_mean,6107,0.6907990917071107,0.6879522011647244,0.0028468905423862934
cross_seed,qed_mean,6108,0.6808478481541865,0.6716168651915245,0.009230982962662004
cross_seed,qed_mean,6109,0.6812521675048414,0.6830669761325192,-0.0018148086276777997
cross_seed,qed_mean,6110,0.6841000856211618,0.6804524353617074,0.003647650259454349
cross_seed,mw_target_score_mean,6101,0.9370229007633588,0.9439847231063018,-0.006961822342942958
cross_seed,mw_target_score_mean,6102,0.9407874015748031,0.9455523899968344,-0.004764988422031324
cross_seed,mw_target_score_mean,6103,0.9378172588832487,0.9375792141951838,0.0002380446880649867
cross_seed,mw_target_score_mean,6104,0.941808981657179,0.9389433723505219,0.0028656093066570243
cross_seed,mw_target_score_mean,6105,0.9362373737373737,0.9389433723505219,-0.0027059986131482416
cross_seed,mw_target_score_mean,6106,0.9394995248653786,0.9425943545829368,-0.003094829717558256
cross_seed,mw_target_score_mean,6107,0.9335022165927802,0.9301143583227446,0.0033878582700356263
cross_seed,mw_target_score_mean,6108,0.9384663931839697,0.9275960622419815,0.010870330941988193
cross_seed,mw_target_score_mean,6109,0.9367651731808071,0.929818990155605,0.006946183025202113
cross_seed,mw_target_score_mean,6110,0.9267749124482649,0.934156378600823,-0.0073814661525580805
cross_seed,validity,6101,0.9825,0.981875,0.0006249999999999867
cross_seed,validity,6102,0.9921875,0.9871875,0.0050000000000000044
cross_seed,validity,6103,0.985,0.98625,-0.0012499999999999734
cross_seed,validity,6104,0.988125,0.9878125,0.00031250000000004885
cross_seed,validity,6105,0.99,0.9878125,0.002187500000000009
cross_seed,validity,6106,0.9865625,0.9853125,0.0012499999999999734
cross_seed,validity,6107,0.986875,0.98375,0.0031249999999999334
cross_seed,validity,6108,0.9903125,0.9840625,0.006250000000000089
cross_seed,validity,6109,0.9834375,0.9840625,-0.0006249999999999867
cross_seed,validity,6110,0.9815625,0.9871875,-0.005624999999999991
cross_seed,uniqueness,6101,1.0,1.0,0.0
cross_seed,uniqueness,6102,0.9996850393700787,1.0,-0.0003149606299213126
cross_seed,uniqueness,6103,0.9996827411167513,1.0,-0.00031725888324873885
cross_seed,uniqueness,6104,0.9996837444655281,1.0,-0.0003162555344718987
cross_seed,uniqueness,6105,0.9990530303030303,0.9993672888326479,-0.0003142585296176392
cross_seed,uniqueness,6106,0.9993664871713652,1.0,-0.0006335128286347746
cross_seed,uniqueness,6107,1.0,1.0,0.0
cross_seed,uniqueness,6108,1.0,0.9996824388694824,0.00031756113051761847
cross_seed,uniqueness,6109,1.0,0.9996824388694824,0.00031756113051761847
cross_seed,uniqueness,6110,1.0,1.0,0.0
cross_seed,scaffold_diversity,6101,0.9484732824427481,0.9439847231063018,0.004488559336446318
cross_seed,scaffold_diversity,6102,0.9508661417322835,0.9423868312757202,0.00847931045656325
cross_seed,scaffold_diversity,6103,0.9486040609137056,0.9445500633713562,0.0040539975423494745
cross_seed,scaffold_diversity,6104,0.9408602150537635,0.9547611515343246,-0.013900936480561121
cross_seed,scaffold_diversity,6105,0.9431818181818182,0.9534957291996203,-0.010313911017802102
cross_seed,scaffold_diversity,6106,0.9436173582515046,0.9410085632730733,0.0026087949784313613
cross_seed,scaffold_diversity,6107,0.9528182393920203,0.9415501905972046,0.011268048794815688
cross_seed,scaffold_diversity,6108,0.9608709372041654,0.9587170530327088,0.002153884171456566
cross_seed,scaffold_diversity,6109,0.9510645058786146,0.9393458240711337,0.011718681807480924
cross_seed,scaffold_diversity,6110,0.9458771092008914,0.956315289648623,-0.010438180447731593
frozen_equal,svm_activity_mean,6101,0.32280043607506087,0.30532392917853735,0.017476506896523525
frozen_equal,svm_activity_mean,6102,0.300773742295454,0.3081718832856439,-0.007398140990189872
frozen_equal,svm_activity_mean,6103,0.29880716574861604,0.29107632085123847,0.007730844897377576
frozen_equal,svm_activity_mean,6104,0.30555026107993755,0.32548739287255796,-0.01993713179262041
frozen_equal,svm_activity_mean,6105,0.31110538772441787,0.3131618647475147,-0.0020564770230968032
frozen_equal,svm_activity_mean,6106,0.2988025093501646,0.2966905522656683,0.0021119570844962965
frozen_equal,svm_activity_mean,6107,0.3196181123627447,0.326851324313406,-0.007233211950661345
frozen_equal,svm_activity_mean,6108,0.3216142061880001,0.30681625996441464,0.014797946223585434
frozen_equal,svm_activity_mean,6109,0.3076733882389753,0.3110297940735096,-0.0033564058345343373
frozen_equal,svm_activity_mean,6110,0.31955899553708694,0.32775014772925715,-0.008191152192170204
frozen_equal,mpn_probability_all_valid_mean,6101,0.5066507695517826,0.5038877444295096,0.0027630251222729996
frozen_equal,mpn_probability_all_valid_mean,6102,0.4999200236028868,0.4922603700659197,0.00765965353696707
frozen_equal,mpn_probability_all_valid_mean,6103,0.4874675074750079,0.5009233817090817,-0.013455874234073795
frozen_equal,mpn_probability_all_valid_mean,6104,0.4977524910529028,0.49496633665683754,0.002786154396065277
frozen_equal,mpn_probability_all_valid_mean,6105,0.4968780316896835,0.49648752518343175,0.0003905065062517199
frozen_equal,mpn_probability_all_valid_mean,6106,0.5009348938702319,0.5096851764965714,-0.008750282626339478
frozen_equal,mpn_probability_all_valid_mean,6107,0.5217021190584131,0.5056917131550028,0.016010405903410296
frozen_equal,mpn_probability_all_valid_mean,6108,0.5046628469434219,0.4873920538863344,0.017270793057087508
frozen_equal,mpn_probability_all_valid_mean,6109,0.49358819334507376,0.4835168264778831,0.010071366867190679
frozen_equal,mpn_probability_all_valid_mean,6110,0.511606063592745,0.48876451299498735,0.02284155059775761
frozen_equal,mpn_probability_ad_mean,6101,0.46520492819289566,0.4744566756710536,-0.009251747478157935
frozen_equal,mpn_probability_ad_mean,6102,0.47160112159670287,0.45655632235013666,0.01504479924656621
frozen_equal,mpn_probability_ad_mean,6103,0.4389928737883228,0.4472734507235388,-0.008280576935216
frozen_equal,mpn_probability_ad_mean,6104,0.43894830953861985,0.46639620759660366,-0.02744789805798381
frozen_equal,mpn_probability_ad_mean,6105,0.4958306457607678,0.47770287801045924,0.018127767750308554
frozen_equal,mpn_probability_ad_mean,6106,0.42826885797351666,0.449032529661816,-0.020763671688299346
frozen_equal,mpn_probability_ad_mean,6107,0.46299842128218155,0.4852367856191232,-0.02223836433694165
frozen_equal,mpn_probability_ad_mean,6108,0.5161861617587448,0.44233034949284045,0.07385581226590432
frozen_equal,mpn_probability_ad_mean,6109,0.47095260664171473,0.42376947176684737,0.04718313487486736
frozen_equal,mpn_probability_ad_mean,6110,0.46738333006471616,0.4429593891117389,0.024423940952977286
frozen_equal,ad_coverage,6101,0.04198473282442748,0.03998730561726436,0.001997427207163123
frozen_equal,ad_coverage,6102,0.053228346456692915,0.03876707975850016,0.014461266698192754
frozen_equal,ad_coverage,6103,0.045368020304568525,0.04754358161648178,-0.0021755613119132516
frozen_equal,ad_coverage,6104,0.05534471853257432,0.04340937896070976,0.011935339571864559
frozen_equal,ad_coverage,6105,0.04292929292929293,0.031525851197982346,0.011403441731310582
frozen_equal,ad_coverage,6106,0.055115616091225846,0.052747946936197096,0.0023676691550287496
frozen_equal,ad_coverage,6107,0.03673210892970234,0.035703001579778834,0.0010291073499235082
frozen_equal,ad_coverage,6108,0.04007573366992742,0.05063291139240506,-0.010557177722477641
frozen_equal,ad_coverage,6109,0.03527168732125834,0.0534134007585335,-0.018141713437275157
frozen_equal,ad_coverage,6110,0.03247373447946514,0.0390104662226451,-0.006536731743179959
frozen_equal,qed_mean,6101,0.6735879118526231,0.6807213444255967,-0.007133432572973608
frozen_equal,qed_mean,6102,0.6892563322783952,0.6866562778127243,0.002600054465670909
frozen_equal,qed_mean,6103,0.6826128263718151,0.6849740154993548,-0.002361189127539687
frozen_equal,qed_mean,6104,0.6891664670025358,0.6824117801495311,0.006754686853004732
frozen_equal,qed_mean,6105,0.6947411061650631,0.6871213026723155,0.007619803492747601
frozen_equal,qed_mean,6106,0.685778534895141,0.6869020869149297,-0.0011235520197887539
frozen_equal,qed_mean,6107,0.6907990917071107,0.6992157715166452,-0.008416679809534422
frozen_equal,qed_mean,6108,0.6808478481541865,0.6965529388914175,-0.01570509073723092
frozen_equal,qed_mean,6109,0.6812521675048414,0.6878020520093164,-0.006549884504475023
frozen_equal,qed_mean,6110,0.6841000856211618,0.6848124862154298,-0.0007124005942680256
frozen_equal,mw_target_score_mean,6101,0.9370229007633588,0.9311329736591558,0.005889927104202997
frozen_equal,mw_target_score_mean,6102,0.9407874015748031,0.9389895138226882,0.0017978877521148684
frozen_equal,mw_target_score_mean,6103,0.9378172588832487,0.9375594294770206,0.0002578294062280939
frozen_equal,mw_target_score_mean,6104,0.941808981657179,0.938212927756654,0.003596053900524976
frozen_equal,mw_target_score_mean,6105,0.9362373737373737,0.9363177805800756,-8.04068427019411e-05
frozen_equal,mw_target_score_mean,6106,0.9394995248653786,0.9478837650031585,-0.008384240137779941
frozen_equal,mw_target_score_mean,6107,0.9335022165927802,0.9507109004739337,-0.017208683881153486
frozen_equal,mw_target_score_mean,6108,0.9384663931839697,0.9357594936708861,0.0027068995130836715
frozen_equal,mw_target_score_mean,6109,0.9367651731808071,0.9396333754740834,-0.002868202293276334
frozen_equal,mw_target_score_mean,6110,0.9267749124482649,0.9438629876308278,-0.017088075182562834
frozen_equal,validity,6101,0.9825,0.9846875,-0.002187500000000009
frozen_equal,validity,6102,0.9921875,0.9834375,0.008750000000000036
frozen_equal,validity,6103,0.985,0.9859375,-0.0009375000000000355
frozen_equal,validity,6104,0.988125,0.98625,0.001875000000000071
frozen_equal,validity,6105,0.99,0.99125,-0.0012499999999999734
frozen_equal,validity,6106,0.9865625,0.989375,-0.0028124999999999956
frozen_equal,validity,6107,0.986875,0.9890625,-0.002187500000000009
frozen_equal,validity,6108,0.9903125,0.9875,0.0028124999999999956
frozen_equal,validity,6109,0.9834375,0.98875,-0.005312500000000053
frozen_equal,validity,6110,0.9815625,0.9853125,-0.003750000000000031
frozen_equal,uniqueness,6101,1.0,1.0,0.0
frozen_equal,uniqueness,6102,0.9996850393700787,1.0,-0.0003149606299213126
frozen_equal,uniqueness,6103,0.9996827411167513,0.9993660855784469,0.0003166555383044001
frozen_equal,uniqueness,6104,0.9996837444655281,1.0,-0.0003162555344718987
frozen_equal,uniqueness,6105,0.9990530303030303,0.9996847414880202,-0.000631711184989947
frozen_equal,uniqueness,6106,0.9993664871713652,1.0,-0.0006335128286347746
frozen_equal,uniqueness,6107,1.0,0.9993680884676145,0.0006319115323855096
frozen_equal,uniqueness,6108,1.0,0.9996835443037975,0.00031645569620253333
frozen_equal,uniqueness,6109,1.0,0.9993678887484198,0.0006321112515802474
frozen_equal,uniqueness,6110,1.0,1.0,0.0
frozen_equal,scaffold_diversity,6101,0.9484732824427481,0.9371628054585845,0.011310476984163542
frozen_equal,scaffold_diversity,6102,0.9508661417322835,0.9469335875436924,0.003932554188591064
frozen_equal,scaffold_diversity,6103,0.9486040609137056,0.9467511885895404,0.0018528723241652
frozen_equal,scaffold_diversity,6104,0.9408602150537635,0.9483523447401775,-0.007492129686413995
frozen_equal,scaffold_diversity,6105,0.9431818181818182,0.9328499369482977,0.010331881233520579
frozen_equal,scaffold_diversity,6106,0.9436173582515046,0.9425142135186355,0.001103144732869099
frozen_equal,scaffold_diversity,6107,0.9528182393920203,0.9374407582938389,0.015377481098181378
frozen_equal,scaffold_diversity,6108,0.9608709372041654,0.9297468354430379,0.031124101761127454
frozen_equal,scaffold_diversity,6109,0.9510645058786146,0.9529077117572693,-0.001843205878654719
frozen_equal,scaffold_diversity,6110,0.9458771092008914,0.9584522676815731,-0.012575158480681692
frozen_tuned,svm_activity_mean,6101,0.32280043607506087,0.27946898684914584,0.04333144922591503
frozen_tuned,svm_activity_mean,6102,0.300773742295454,0.28846464052689863,0.012309101768555375
frozen_tuned,svm_activity_mean,6103,0.29880716574861604,0.30398624774455946,-0.005179081995943413
frozen_tuned,svm_activity_mean,6104,0.30555026107993755,0.3031038404445094,0.0024464206354281592
frozen_tuned,svm_activity_mean,6105,0.31110538772441787,0.31262041303607224,-0.0015150253116543722
frozen_tuned,svm_activity_mean,6106,0.2988025093501646,0.28450828367013553,0.014294225680029082
frozen_tuned,svm_activity_mean,6107,0.3196181123627447,0.29624822529551226,0.02336988706723242
frozen_tuned,svm_activity_mean,6108,0.3216142061880001,0.3027111360528287,0.018903070135171396
frozen_tuned,svm_activity_mean,6109,0.3076733882389753,0.3087873845971824,-0.0011139963582071366
frozen_tuned,svm_activity_mean,6110,0.31955899553708694,0.29544988851024384,0.024109107026843102
frozen_tuned,mpn_probability_all_valid_mean,6101,0.5066507695517826,0.48132440260624276,0.025326366945539802
frozen_tuned,mpn_probability_all_valid_mean,6102,0.4999200236028868,0.4935564173867928,0.006363606216093998
frozen_tuned,mpn_probability_all_valid_mean,6103,0.4874675074750079,0.4928250991738953,-0.005357591698887387
frozen_tuned,mpn_probability_all_valid_mean,6104,0.4977524910529028,0.5079160027231031,-0.010163511670200298
frozen_tuned,mpn_probability_all_valid_mean,6105,0.4968780316896835,0.5017575561056281,-0.004879524415944636
frozen_tuned,mpn_probability_all_valid_mean,6106,0.5009348938702319,0.4781845055702649,0.02275038829996706
frozen_tuned,mpn_probability_all_valid_mean,6107,0.5217021190584131,0.5071208845784687,0.014581234479944416
frozen_tuned,mpn_probability_all_valid_mean,6108,0.5046628469434219,0.47781959950633823,0.02684324743708366
frozen_tuned,mpn_probability_all_valid_mean,6109,0.49358819334507376,0.4958417344885614,-0.0022535411434876362
frozen_tuned,mpn_probability_all_valid_mean,6110,0.511606063592745,0.5018904084439535,0.009715655148791469
frozen_tuned,mpn_probability_ad_mean,6101,0.46520492819289566,0.5007674671867481,-0.03556253899385248
frozen_tuned,mpn_probability_ad_mean,6102,0.47160112159670287,0.5028350154674928,-0.031233893870789897
frozen_tuned,mpn_probability_ad_mean,6103,0.4389928737883228,0.4470929518665798,-0.008100078078257023
frozen_tuned,mpn_probability_ad_mean,6104,0.43894830953861985,0.46758080325665174,-0.028632493718031893
frozen_tuned,mpn_probability_ad_mean,6105,0.4958306457607678,0.43335574627336526,0.062474899487402535
frozen_tuned,mpn_probability_ad_mean,6106,0.42826885797351666,0.4583200960138735,-0.030051238040356865
frozen_tuned,mpn_probability_ad_mean,6107,0.46299842128218155,0.46943253905724375,-0.006434117775062198
frozen_tuned,mpn_probability_ad_mean,6108,0.5161861617587448,0.45018397045512554,0.06600219130361923
frozen_tuned,mpn_probability_ad_mean,6109,0.47095260664171473,0.4892455101969692,-0.01829290355525448
frozen_tuned,mpn_probability_ad_mean,6110,0.46738333006471616,0.48096346617676317,-0.013580136112047003
frozen_tuned,ad_coverage,6101,0.04198473282442748,0.05414819506016466,-0.01216346223573718
frozen_tuned,ad_coverage,6102,0.053228346456692915,0.04026632847178187,0.012962017984911048
frozen_tuned,ad_coverage,6103,0.045368020304568525,0.04062202475404633,0.004745995550522193
frozen_tuned,ad_coverage,6104,0.05534471853257432,0.038570976920644956,0.016773741611929363
frozen_tuned,ad_coverage,6105,0.04292929292929293,0.045483259633607075,-0.0025539667043141465
frozen_tuned,ad_coverage,6106,0.055115616091225846,0.060778727445394115,-0.0056631113541682696
frozen_tuned,ad_coverage,6107,0.03673210892970234,0.04239164821259095,-0.0056595392828886065
frozen_tuned,ad_coverage,6108,0.04007573366992742,0.045512010113780026,-0.005436276443852604
frozen_tuned,ad_coverage,6109,0.03527168732125834,0.04949238578680203,-0.01422069846554369
frozen_tuned,ad_coverage,6110,0.03247373447946514,0.041243654822335024,-0.008769920342869886
frozen_tuned,qed_mean,6101,0.6735879118526231,0.7005923184898883,-0.02700440663726522
frozen_tuned,qed_mean,6102,0.6892563322783952,0.7078109034615884,-0.018554571183193147
frozen_tuned,qed_mean,6103,0.6826128263718151,0.6970203249180251,-0.01440749854621004
frozen_tuned,qed_mean,6104,0.6891664670025358,0.7018853707869723,-0.01271890378443652
frozen_tuned,qed_mean,6105,0.6947411061650631,0.7023008145629822,-0.007559708397919085
frozen_tuned,qed_mean,6106,0.685778534895141,0.7175437425008601,-0.031765207605719104
frozen_tuned,qed_mean,6107,0.6907990917071107,0.7058264220761412,-0.015027330369030478
frozen_tuned,qed_mean,6108,0.6808478481541865,0.6978217086743826,-0.016973860520196116
frozen_tuned,qed_mean,6109,0.6812521675048414,0.7033058944054646,-0.02205372690062324
frozen_tuned,qed_mean,6110,0.6841000856211618,0.7076289994608377,-0.023528913839675925
frozen_tuned,mw_target_score_mean,6101,0.9370229007633588,0.9363521215959468,0.0006707791674119834
frozen_tuned,mw_target_score_mean,6102,0.9407874015748031,0.9391249207355739,0.0016624808392292634
frozen_tuned,mw_target_score_mean,6103,0.9378172588832487,0.9349412884798477,0.0028759704034010403
frozen_tuned,mw_target_score_mean,6104,0.941808981657179,0.9364527347454947,0.005356246911684237
frozen_tuned,mw_target_score_mean,6105,0.9362373737373737,0.9513581806696146,-0.015120806932240938
frozen_tuned,mw_target_score_mean,6106,0.9394995248653786,0.9379550490661602,0.0015444757992183478
frozen_tuned,mw_target_score_mean,6107,0.9335022165927802,0.9360961720974376,-0.0025939555046573526
frozen_tuned,mw_target_score_mean,6108,0.9384663931839697,0.9415297092288243,-0.003063316044854547
frozen_tuned,mw_target_score_mean,6109,0.9367651731808071,0.9416243654822335,-0.004859192301426396
frozen_tuned,mw_target_score_mean,6110,0.9267749124482649,0.9375,-0.010725087551735069
frozen_tuned,validity,6101,0.9825,0.986875,-0.004374999999999907
frozen_tuned,validity,6102,0.9921875,0.985625,0.006562500000000027
frozen_tuned,validity,6103,0.985,0.9846875,0.00031249999999993783
frozen_tuned,validity,6104,0.988125,0.9884375,-0.00031249999999993783
frozen_tuned,validity,6105,0.99,0.989375,0.0006249999999999867
frozen_tuned,validity,6106,0.9865625,0.9871875,-0.0006249999999999867
frozen_tuned,validity,6107,0.986875,0.9878125,-0.0009375000000000355
frozen_tuned,validity,6108,0.9903125,0.98875,0.0015625000000000222
frozen_tuned,validity,6109,0.9834375,0.985,-0.0015625000000000222
frozen_tuned,validity,6110,0.9815625,0.985,-0.0034374999999999822
frozen_tuned,uniqueness,6101,1.0,0.999366687777074,0.0006333122229259525
frozen_tuned,uniqueness,6102,0.9996850393700787,1.0,-0.0003149606299213126
frozen_tuned,uniqueness,6103,0.9996827411167513,0.999682640431609,1.0068514222361102e-07
frozen_tuned,uniqueness,6104,0.9996837444655281,0.9996838444514701,-9.99859419703597e-08
frozen_tuned,uniqueness,6105,0.9990530303030303,0.9996841440303221,-0.0006311137272918543
frozen_tuned,uniqueness,6106,0.9993664871713652,0.9996834441278886,-0.0003169569565233399
frozen_tuned,uniqueness,6107,1.0,0.999683644416324,0.00031635558367604233
frozen_tuned,uniqueness,6108,1.0,0.9993678887484198,0.0006321112515802474
frozen_tuned,uniqueness,6109,1.0,1.0,0.0
frozen_tuned,uniqueness,6110,1.0,0.9996827411167513,0.00031725888324873885
frozen_tuned,scaffold_diversity,6101,0.9484732824427481,0.9461684610512983,0.0023048213914498294
frozen_tuned,scaffold_diversity,6102,0.9508661417322835,0.9568801521876982,-0.00601401045541472
frozen_tuned,scaffold_diversity,6103,0.9486040609137056,0.9431926372580133,0.00541142365569236
frozen_tuned,scaffold_diversity,6104,0.9408602150537635,0.9329750237116662,0.007885191342097309
frozen_tuned,scaffold_diversity,6105,0.9431818181818182,0.9437776373973468,-0.0005958192155285369
frozen_tuned,scaffold_diversity,6106,0.9436173582515046,0.9446027223805001,-0.000985364128995525
frozen_tuned,scaffold_diversity,6107,0.9528182393920203,0.9313508383422967,0.021467401049723556
frozen_tuned,scaffold_diversity,6108,0.9608709372041654,0.9358407079646017,0.02503022923956366
frozen_tuned,scaffold_diversity,6109,0.9510645058786146,0.9403553299492385,0.010709175929376036
frozen_tuned,scaffold_diversity,6110,0.9458771092008914,0.9441624365482234,0.0017146726526680034
