sha256,bytes,path
1800066fd751c5d5cb3a264541c9e0bfa0f7217be271b03fd73ea0aa840990e0,615887,outputs/temporal_placebo_frozen_audit.json
ffb2f232d1ddf967aa1da74d2c62e70fd996794cacafea4333f2574159e5af6e,531665,work/paper_data_snapshot/drd2_alpha025_confirmatory_temporal_audit.json
7698fba41cbc43ee5ad2cc356d3f8c9b507090221164dd69bcc3522f6d6e1f2d,2179,work/paper_data_snapshot/drd2_static_grid_development_v1_selection.json
0d57817f96c24cb4e244db55f638d7085ce5ba693b7ef0c771e51387fd14b3b3,1905,work/paper_data_snapshot/multigpu_determinism_smoke_v1_summary.json
ae4de849d88665640fc0c0b9455eb91cccbe1f3cc26cad295d51b9c0b39f800c,777,work/paper_data_snapshot/qsar_models/DRD2_bindingdb_mpn/bindingdb_drd2_mpn_report.json
67b6e2eec5a113a8f58bb8d7032571b9cd814d082fbca4e1d631a8db5c22c519,80087,work/paper_data_snapshot/results/drd2_alpha025_confirmatory_final.json
3efbcce89712114b7224728d1032ba752e441badd20243c4e9de42023ccfc4da,33254,work/paper_data_snapshot/results/drd2_alpha025_confirmatory_final.paired_differences.csv
e1a5c92c6ff69f0551c1e570d20d7c94057b245c11cf2941ddc26efef5b2de65,5873,work/paper_data_snapshot/results/positive_control_v5_qualification/qualification_result.json
c4524d8701fc0320fcf6d96634070e41247f29f38f7e44a3bcd2dfe02e06e540,966,work/paper_data_snapshot/rng_match_test_30steps_cadence5_seed1701_v1/rng_match_summary.json
