target_seed,donor_seed,target_history_sha256,donor_history_sha256
6101,6102,6130d9b33d693f0482153dd36895aa1b2e4fd3dc631e904496e42e3a33d35023,74edb3b34fdb4481e6bba22f39598ae89a6eefac207e89426ecf14eeabd7f393
6102,6103,74edb3b34fdb4481e6bba22f39598ae89a6eefac207e89426ecf14eeabd7f393,f98fac7793c100dfeb269ec53aed00bacc5a5b6b798530b35f2c74e32ee5b092
6103,6104,f98fac7793c100dfeb269ec53aed00bacc5a5b6b798530b35f2c74e32ee5b092,c2d23130bc7f31cc8aacf6dba791df0de2fed63225613801156587a4ae251153
6104,6105,c2d23130bc7f31cc8aacf6dba791df0de2fed63225613801156587a4ae251153,f327386574f8cc7060961eefd361d961085b92ed00a356048b6424eecfa08586
6105,6106,f327386574f8cc7060961eefd361d961085b92ed00a356048b6424eecfa08586,0a7638d3345b795b4c4c6faa47d4f796f59f9bf70ff15f5048ad862e060c6a11
6106,6107,0a7638d3345b795b4c4c6faa47d4f796f59f9bf70ff15f5048ad862e060c6a11,06b328ab95f629840cf90a19fd7c28fd9930cd10e07e5c60fb135d5cbb803fc3
6107,6108,06b328ab95f629840cf90a19fd7c28fd9930cd10e07e5c60fb135d5cbb803fc3,e87289a3371abd21c920ea9bea5a7662b48bacf5fab1b023e240cf72d6e5e7b8
6108,6109,e87289a3371abd21c920ea9bea5a7662b48bacf5fab1b023e240cf72d6e5e7b8,97bc165a7be77835cbd3ef711a74592c03830f7fb6ffef3519ee4e89fa674ebf
6109,6110,97bc165a7be77835cbd3ef711a74592c03830f7fb6ffef3519ee4e89fa674ebf,4dc0e15b941d4a10109314261104dd372d5358a53a316a6c88d3a17eff3ed28b
6110,6101,4dc0e15b941d4a10109314261104dd372d5358a53a316a6c88d3a17eff3ed28b,6130d9b33d693f0482153dd36895aa1b2e4fd3dc631e904496e42e3a33d35023
