id,label,smiles,reward_rf,validation_svm,vina_score,docking_reward
active_0,active,O=C(CCCN1CCC2(CC1)C(=O)NCN2c1ccccc1)c1ccc(F)cc1,0.965,0.5724196741664672,-10.943,10.943
active_1,active,Cc1nc2n(c(=O)c1CCN1CCC(c3noc4cc(F)ccc34)CC1)CCCC2,0.42,0.6142063944411048,-11.072,11.072
active_2,active,CN1CN(c2ccccc2)C2(CCN(CCCC(=O)c3ccc(F)cc3)CC2)C1=O,0.94,0.5915185555112027,-9.293,9.293
active_3,active,O=C(CCCN1CCC(O)(c2ccc(Cl)cc2)CC1)c1ccc(F)cc1,0.99,0.9600818524596373,-9.713,9.713
active_4,active,Cc1ccc(C2(O)CCN(CCCC(=O)c3ccc(F)cc3)CC2)cc1,0.96,0.8682095783187994,-10.499,10.499
active_5,active,O=C(CCCN1CCC(O)(c2cccc(Cl)c2Cl)CC1)c1ccc(F)cc1,0.97,0.9240140275569493,-9.668,9.668
active_6,active,O=C(CCCN1CCC(O)(c2cc(Cl)cc(Cl)c2)CC1)c1ccc(F)cc1,0.98,0.9211574485926305,-9.85,9.85
active_7,active,O=C(CCCN1CCC(O)(c2ccc(C(F)(F)F)cc2)CC1)c1ccc(F)cc1,0.9675,0.8501631539754106,-10.839,10.839
active_8,active,O=C(CCCN1CCC(O)(c2ccc(Cl)c(Cl)c2)CC1)c1ccc(F)cc1,0.995,0.9309956615266501,-10.404,10.404
active_9,active,O=C(CCCN1CCC(n2c(=O)[nH]c3ccccc32)CC1)c1ccc(F)cc1,0.88,0.6495162370097417,-11.086,11.086
active_10,active,O=C(CCCN1CCC2(CC1)C(=O)N(CCc1ccc(Nc3ccc([N+](=O)[O-])c4nonc34)cc1)CN2c1ccccc1)c1ccc(F)cc1,0.8425,0.758716941585966,-11.62,11.62
active_11,active,O=S(=O)(c1cncc2ccccc12)N1CCC[C@H]1CCN1CCC(c2noc3cc(F)ccc23)CC1,0.5175,0.9826234538398806,-11.874,11.874
active_12,active,O=C(CCCN1CCC2(c3ccc(Cl)cc3)CC2C1)c1ccc(F)cc1,0.81,0.9826471458235432,-10.63,10.63
active_14,active,O=C(CCCN1CC=C(n2c(=O)[nH]c3ccccc32)CC1)c1ccc(F)cc1,0.9525,0.8283345072218202,-10.266,10.266
active_15,active,CCCCCCCCCC(=O)OC1(c2ccc(Cl)cc2)CCN(CCCC(=O)c2ccc(F)cc2)CC1,0.9425,0.9177063081367492,-8.975,8.975
active_16,active,O=C1NCN(c2ccccc2)C12CCN(CC1COc3ccc4[nH]ccc4c3O1)CC2,0.82,0.1430363808523617,-11.383,11.383
active_17,active,O=C(CCCN1[C@@H]2CC[C@H]1CC(O)(c1ccc(Cl)cc1)C2)c1ccc(F)cc1,0.82,0.9826427672618591,-10.827,10.827
active_18,active,O=C(CCCN1C2CCC1CC(O)(c1ccc(Cl)cc1)C2)c1ccc(F)cc1,0.82,0.9826427672618591,-9.809,9.809
active_19,active,Cc1c(S(=O)(=O)N[C@@H]2CCN(CCCc3noc4ccccc34)C2)sc2ccc(F)cc12,0.5825,0.9534444114374954,-11.507,11.507
active_20,active,OC1(c2ccc(Cl)cc2)CCN(CCCOc2ccc(F)cc2)CC1,0.675,0.8741553855384084,-9.805,9.805
active_21,active,O=c1[nH]c2ccccc2n1C1CCN(CCCOc2ccc(F)cc2)CC1,0.65,0.4723883276651979,-10.367,10.367
active_22,active,O=C(O)C(=O)O.O=C1CCc2ccc(OCCCCN3CCN(c4ccccc4OCCF)CC3)cc2N1,0.9525,0.9826577573655374,-9.574,9.574
active_23,active,O=C(O)C(=O)O.O=c1ccc2ccc(OCCCCN3CCN(c4ccccc4OCCF)CC3)cc2[nH]1,0.9725,0.9400239720577569,-9.104,9.104
active_24,active,O=S(=O)(N[C@@H]1CCN(CCCc2noc3ccccc23)C1)c1cc2ccccc2s1,0.655,0.9470908673568219,-11.365,11.365
active_25,active,O=S(=O)(N[C@@H]1CCN(CCCc2noc3ccccc23)C1)c1ccc2ccccc2c1,0.755,0.9569688927064329,-11.914,11.914
active_26,active,Cn1ccc2cc(S(=O)(=O)N[C@@H]3CCN(CCCc4noc5ccccc45)C3)ccc21,0.68,0.9826265308364001,-11.194,11.194
active_27,active,COc1ccccc1N1CCN(CCCCOc2ccc3c(c2)NC(=O)CC3)CC1.O=C(O)C(=O)O,0.9275,0.9826125030514495,-9.651,9.651
active_28,active,O=C(NCCCCN1CCN(c2ccccc2OCCF)CC1)c1ccc(-c2ccsc2)cc1,0.84,0.9118073541528678,-8.958,8.958
active_29,active,O=C1NCCN1CCN1CCC(c2cn(-c3ccc(F)cc3)c3ccc(Cl)cc23)CC1,0.795,0.4205445620750969,-11.502,11.502
active_30,active,COc1ccccc1N1CCN(CCCNC(=O)OC(C)(C)C)CC1,0.645,0.9823614042300115,-8.472,8.472
active_31,active,Cc1cccc(C2CCN(CCNC(=O)C3CCC(F)(F)CC3)CC2)n1,0.92,0.3018563285900062,-10.445,10.445
active_32,active,COc1ccccc1N1CCN(CCCCOc2ccc3ccc(=O)[nH]c3c2)CC1.O=C(O)C(=O)O,0.9625,0.9425363408561627,-9.573,9.573
active_33,active,COc1ccccc1N1CCN(CCCCNC(=O)OC(C)(C)C)CC1,0.6425,0.9840245464756304,-8.073,8.073
active_34,active,C[C@H]1Oc2c(cccc2N2CCN(CCCc3c[nH]c4ccc(F)cc34)CC2)NC1=O,0.7175,0.8269281535098094,-11.185,11.185
active_35,active,O=C1NCc2cc(F)c(OCCCCN3CCN(c4cccc5cc(F)ccc45)CC3)cc21,0.8275,0.9363821328858053,-10.587,10.587
active_36,active,O=C1CCc2cc(CCN3CCN(c4cccc5sc(F)cc45)CC3)ccc2N1,0.9825,0.9601034305279875,-10.039,10.039
active_37,active,CC(C)(C)NC(=O)C1C(=O)NCCN1C(=O)CCCN1CCN(c2cccc(Cl)c2Cl)CC1,0.9125,0.8775946203945291,-9.616,9.616
active_38,active,Cc1cc2c(cc1OCCCCN1CCN(c3cccc4cc(F)ccc34)CC1)C(=O)NC2,0.7225,0.9008949759852422,-9.744,9.744
active_39,active,COc1ccccc1N1CCN(CCCCOc2ccc3c(c2)NC(=O)CO3)CC1,0.9225,0.9826501649147575,-9.729,9.729
active_40,active,O=C1NCc2cc(F)c(OCCCCN3CCN(c4cccc5ccccc45)CC3)cc21,0.81,0.8567891635293884,-10.641,10.641
active_41,active,FC(F)(F)c1cccc(N2CCN(CCCCNc3cc(-c4ccccc4)ccn3)CC2)c1,0.31,0.42104335655328096,-10.917,10.917
active_42,active,O=c1ccc2ccc(CCN3CCN(c4cccc5sc(F)cc45)CC3)cc2[nH]1,0.935,0.9826439473078749,-10.519,10.519
active_43,active,COc1ccccc1N1CCN(CCCCOc2ccc3c(c2)NC(=O)CC3)CC1,0.93,0.988548828946466,-9.495,9.495
active_44,active,COc1cccc2[nH]cc(CN3CCC(O)(c4ccc(I)cc4)CC3)c12.O=C(O)C(=O)O,0.94,0.34645046703695004,-8.639,8.639
active_45,active,CN1CCN(C(=O)CCCN2CCN(c3cccc(Cl)c3Cl)CC2)C(C(=O)NCc2ccccc2)C1,0.8325,0.7360753851245578,-10.618,10.618
active_46,active,O=C1CCc2ccc(CCN3CCN(c4cccc5sc(F)cc45)CC3)cc2N1,0.9825,0.9665406231947039,-10.774,10.774
active_47,active,CCN1CCN(c2cc(-c3ccc(F)cc3)c3c(n2)CCCCCC3)CC1,0.3675,0.9826101562526756,-9.216,9.216
active_48,active,O=C1COc2c(F)cc(CCCCN3CCN(c4cccc5sccc45)CC3)cc2N1,0.91,0.8971927382756711,-9.701,9.701
active_49,active,O=c1[nH]c2ccc(CCN3CCN(c4cccc5sc(F)cc45)CC3)cc2[nH]1,0.9525,0.9572796123401367,-10.032,10.032
active_50,active,COc1ccccc1N1CCN(CCCC(=O)Nc2ccn3ncc(C#N)c3c2)CC1,0.775,0.9826556196391213,-9.229,9.229
active_51,active,O=C1COc2c(N3CCN(CCCCOc4ccn5nccc5c4)CC3)ccc(O)c2N1,0.845,0.9826355302435447,-9.528,9.528
active_52,active,O=C1CCc2cc(CCCCN3CCN(c4cccc5sc(F)cc45)CC3)ccc2N1,0.9825,0.9634927932781189,-10.352,10.352
active_53,active,COc1ccccc1N1CCN(CCCC(=O)Nc2ccn3ncc(/C=N\O)c3c2)CC1,0.7625,0.9826380550592061,-9.769,9.769
active_54,active,S=c1[nH]c2ccc(OCCN3CCN(c4ccccc4)CC3)cc2[nH]1,0.815,0.2093364479169709,-9.741,9.741
active_55,active,O=C1CCc2ccc(OCCCCN3CCN(c4cccc5ccccc45)CC3)nc2N1,0.8475,0.9122314707627756,-9.771,9.771
active_56,active,CC(C)Oc1ccccc1N1CCCN(CCCCOc2ccc3c(c2)NC(=O)CC3)CC1,0.92,0.9826186740943822,-9.486,9.486
active_57,active,O=c1[nH]c2ccccc2n1CCCN1CCC(n2c(=O)[nH]c3cc(Cl)ccc32)CC1,0.765,0.3076040519393152,-11.188,11.188
active_58,active,O=C1COc2ccc(OCCCCN3CCN(c4cccc(Cl)c4Cl)CC3)cc2N1,0.9,0.9826305059721001,-9.417,9.417
active_59,active,O=S(=O)(NCCCN1CC=C(c2c[nH]c3ccc(F)cc23)CC1)c1ccc2ccccc2c1,0.85,0.9826423674510744,-11.92,11.92
active_60,active,OCCN1CCN(CCCN2c3ccccc3Sc3ccc(C(F)(F)F)cc32)CC1,0.8975,0.7349935402612854,-9.628,9.628
active_61,active,COc1ccccc1N1CCN(CCCCNc2ccccn2)CC1,0.53,0.9826500284780777,-8.725,8.725
active_62,active,O=C1COc2ccccc2N1CCCN1CCN(c2cccc3[nH]c(=O)oc23)CC1,0.7575,0.4231512050751496,-11.127,11.127
active_63,active,O=C1CCc2ccc(OCCCCN3CCN(c4cccc5c4OCC(=O)N5)CC3)cc2N1,0.9625,0.9780704236410712,-9.56,9.56
decoy_0,decoy,COc1ccc(OCCN2CCN(C(=O)c3cc4cccc(C)c4[nH]3)CC2)cc1,0.0525,0.2310119901249836,-9.618,9.618
decoy_1,decoy,COC(=O)N1CCc2ccc(/N=C/N3CCc4cc(OC)c(OC)cc4C3)cc21,0.205,0.1476774976547788,-9.589,9.589
decoy_2,decoy,COc1ccc(OCCN2CCN(C(=O)c3cc4ccccc4n3C)CC2)cc1,0.055,0.18972506394909225,-10.037,10.037
decoy_3,decoy,O=C(N[C@H]1CCN(Cc2ccccc2F)C1)c1ccc(-c2cccs2)cc1,0.095,0.7856496875003289,-10.874,10.874
decoy_4,decoy,Cc1ccc(CNCC2(F)CCN(C(=O)c3ccc(F)c(Cl)c3)CC2)nc1,0.105,0.0980603589797561,-10.163,10.163
decoy_5,decoy,O=C(N[C@H]1CCN(Cc2ccc(F)c(F)c2)C1)c1ccc(-c2cccs2)cc1,0.0725,0.8387757279376824,-11.375,11.375
decoy_6,decoy,O=C(NCCCCN1CCN(c2ccc(Cl)cc2)CC1)c1ccc2ccccc2c1,0.065,0.17953434236655022,-10.908,10.908
decoy_7,decoy,Cc1ccccc1N1CCN(CCCNC(=O)Oc2cccc3ccccc23)CC1.Cl,0.4825,0.011808656707292215,-10.865,10.865
decoy_8,decoy,O=C(N[C@H]1CCN(Cc2ccc(Cl)c(Cl)c2)C1)c1ccc(-c2cccs2)cc1,0.06,0.7835957266182597,-10.666,10.666
decoy_9,decoy,COc1ccc(OCCN2CCN(C(=O)c3cc4cccc(Cl)c4[nH]3)CC2)cc1,0.075,0.44435758219364413,-8.54,8.54
decoy_10,decoy,Cn1c(SCCCN2CCOC(c3ccc(C(F)(F)F)cc3)C2)nnc1-c1ccc(-c2nnco2)cc1,0.005,0.011827300094889536,-10.139,10.139
decoy_11,decoy,Cn1c(SCCCN2CCOC(c3ccc(C(F)(F)F)cc3)C2)nnc1-c1ccc(C#N)cc1,0.005,0.01404980505326173,-10.397,10.397
decoy_12,decoy,CCC(=O)N(c1ccccc1)C1CCN(CCc2ccccc2)CC1,0.085,0.0923602823037821,-9.411,9.411
decoy_13,decoy,CCN(CC)[C@@H]1[C@@H](CO)[C@H]2CN(Cc3ccccc3)[C@H](c3ccccc3)[C@H]21,0.08,0.011806734475123553,-8.573,8.573
decoy_14,decoy,Cc1ccc(CNCC2(F)CCN(C(=O)c3coc4ccccc34)CC2)nc1,0.1675,0.011805523021140463,-9.669,9.669
decoy_15,decoy,COc1cccc(CCc2ccccc2OCCCCN2CCN(c3ccccc3OC)CC2)c1,0.25,0.9422289315619063,-10.282,10.282
decoy_16,decoy,O=C(O)C(=O)O.c1ccc(N2CCN(CCCn3cnc4ccccc43)CC2)cc1,0.3275,0.0118321575471539,-9.442,9.442
decoy_17,decoy,Cc1ccc(CNCC2(F)CCN(C(=O)c3csc4ccccc34)CC2)nc1,0.2775,0.011830810482213638,-9.691,9.691
decoy_18,decoy,c1ccc(CN2CCC(NCc3csc(-c4ccccc4)n3)CC2)cc1,0.1925,0.16767503320145447,-10.846,10.846
decoy_19,decoy,Cn1c(SCCCN2CCO[C@H](c3ccc(C(F)(F)F)cc3)C2)nnc1-c1ccc(C(N)=O)cc1,0.0,0.014275414478941796,-10.971,10.971
decoy_20,decoy,N#CC(CCNCCc1ccccc1)(c1ccccc1)c1ccccc1,0.1925,0.01180133442710468,-7.914,7.914
decoy_21,decoy,CCOC(=O)c1[nH]c2ccc(F)cc2c1CN1CCN(c2ccccc2)CC1,0.12,0.1601953040584673,-9.575,9.575
decoy_22,decoy,C[C@H]1CO[C@@H](c2ccc(N)nc2)CN1CCn1cc(CNC(=O)c2cc3ccccc3[nH]2)nn1,0.0675,0.43684818677620624,-11.078,11.078
decoy_23,decoy,COc1ccccc1N1CCN(c2nc(N)nc(NCCc3c[nH]c4ccccc34)n2)CC1,0.125,0.6847749892352692,-11.04,11.04
decoy_24,decoy,Cl.Clc1ccc(N2CCN(CCCCNc3noc(-c4ccccc4)n3)CC2)cc1,0.0525,0.308769714456522,-9.788,9.788
decoy_25,decoy,O=C(NC(c1ccc(Cl)cc1)c1ccccn1)C1CCN(CCn2ccc(=O)cc2)CC1,0.2225,0.40924772381496277,-10.339,10.339
decoy_26,decoy,Cc1nc(N2CCN(CCCCNC(=O)c3cn4ccccc4n3)CC2)cc(C(F)(F)F)n1,0.3375,0.011808915069720125,-9.963,9.963
decoy_27,decoy,O=C(O)C(=O)O.O=C1CCc2ccccc2N1CCCN1CCN(c2ccc([N+](=O)[O-])cc2)CC1,0.45,0.05962204041724848,-10.379,10.379
decoy_28,decoy,COc1ccccc1N(C(C)=O)C1CCN(CCCCNC(=O)c2ccc3ccccc3c2)CC1,0.3225,0.011823747569344512,-10.235,10.235
decoy_29,decoy,NC(=O)C(c1ccccc1)(c1ccccc1)[C@@H]1CCN(CCc2ccc3c(c2)CCO3)C1,0.095,0.2880323204301405,-10.257,10.257
decoy_30,decoy,CCN(CC)[C@@H]1[C@@H](CO)[C@H]2CN(Cc3ccccc3)[C@H](c3ccccn3)[C@H]21,0.0375,0.03531096809686266,-8.627,8.627
decoy_31,decoy,N#Cc1ccc2[nH]c(CN3CCN(c4ccc(F)cc4)CC3)cc2c1,0.0325,0.27020533651672696,-9.722,9.722
decoy_32,decoy,COc1ccc(N2CCN(CCCN3C(=O)CCc4ccccc43)CC2)cc1.O=C(O)C(=O)O,0.3825,0.045762873503724495,-9.137,9.137
decoy_33,decoy,CCN(CC)[C@H]1[C@H](CO)[C@@H]2CN(Cc3ccccc3)[C@@H](c3ccccn3)[C@@H]21,0.0375,0.03531096809686266,-8.376,8.376
decoy_34,decoy,O=S(=O)(c1cccc(NC2CCNCC2)c1)n1cccc1-c1ccccc1,0.385,0.452238163590276,-8.587,8.587
decoy_35,decoy,Cc1cccc(N2CCN(CCCCNC(=O)c3ccc(-c4ccsc4)cc3)CC2)c1,0.045,0.43638090379783456,-9.775,9.775
decoy_36,decoy,Cc1ccc(CNCC2(F)CCN(C(=O)c3cc(Br)cs3)CC2)nc1,0.185,0.04744874477414561,-8.503,8.503
decoy_37,decoy,O=C(O)C(=O)O.O=C1CCc2ccccc2N1CCN1CCN(c2ccccc2)CC1,0.435,0.011815317576003563,-9.804,9.804
decoy_38,decoy,Cc1ccc(N2CCN(CCCCNC(=O)c3ccc(-c4ccsc4)cc3)CC2)cc1,0.0325,0.35521431281089566,-9.861,9.861
decoy_39,decoy,Cc1nc(N2CCN(CCCCNC(=O)N3CCN(c4ccccc4)CC3)CC2)cc(C(C)(C)C)n1,0.1375,0.0616460148003939,-10.849,10.849
decoy_40,decoy,COc1cc(N(C)C(C)=O)c(Cl)cc1C(=O)NC[C@H]1CCN(Cc2ccccc2)C1,0.0125,0.31864178723760217,-9.612,9.612
decoy_41,decoy,O=C(NCCCCN1CCN(c2ccc(Cl)cc2)CC1)c1ccc(-c2ccsc2)cc1,0.0275,0.5,-9.926,9.926
decoy_42,decoy,N#Cc1ccc2[nH]c(CN3CCN(c4ccc(Cl)c(Cl)c4)CC3)cc2c1,0.0325,0.16070515711114586,-9.494,9.494
decoy_43,decoy,COc1cc(N(C)C(C)=O)c(Cl)cc1C(=O)NC[C@@H]1CCN(Cc2ccccc2)C1,0.0125,0.31864178723760217,-9.806,9.806
decoy_44,decoy,COc1ccccc1CCNc1nc(N)nc(NCCc2c[nH]c3ccccc23)n1,0.1325,0.32845186362871537,-10.805,10.805
decoy_45,decoy,O=C(NCCCCN1CCN(c2cc(C(F)(F)F)nc3ccccc23)CC1)c1cn2ccccc2n1,0.535,0.011792963698402367,-10.754,10.754
decoy_46,decoy,Clc1ccc2c(c1)C(N1CCN(Cc3ccccc3)CC1)=Nc1cccnc1N2,0.1,0.010909805724920242,-11.481,11.481
decoy_47,decoy,Fc1ccc(-c2cccc3c(CN4CCN(c5ccc(Cl)cc5)CC4)cnn23)cc1,0.02,0.2549814568349894,-10.732,10.732
decoy_48,decoy,COc1ccsc1CNCC[C@@]1(c2ccccn2)CCOC2(CCCC2)C1,0.1775,0.01182313674072731,-8.122,8.122
decoy_49,decoy,CN[C@@H]1c2cc3ccn(S(=O)(=O)c4ccccc4)c3cc2[C@H]1CCO,0.25,0.3376463713284658,-8.961,8.961
decoy_50,decoy,Cc1nc(N2CCN(CCCCNC(=O)N3CCn4c(C)nnc4C3)CC2)cc(C(C)(C)C)n1,0.1425,0.331776708510701,-9.856,9.856
decoy_51,decoy,Cn1c(SCCCN2CCOC(c3ccc(C(F)(F)F)cc3)C2)nnc1-c1cncc(C(N)=O)c1,0.01,0.011824186439983307,-10.498,10.498
decoy_52,decoy,O=C(NCCCCN1CCN(c2cccc(Cl)c2)CC1)c1ccc(-c2ccsc2)cc1,0.0675,0.5527908810813393,-9.627,9.627
decoy_53,decoy,Cn1c(SCCCN2CCOC(c3ccc(C(F)(F)F)cc3)C2)nnc1-c1ccc(C(N)=O)nc1,0.025,0.011810700507297416,-9.769,9.769
decoy_54,decoy,CN[C@H]1c2c(ccc3c2ccn3S(=O)(=O)c2ccccc2)[C@@H]1CCO,0.1375,0.3287198070394176,-8.728,8.728
decoy_55,decoy,OC(CCn1cc(-c2ccc3ccccc3c2)nn1)CN1CCN(c2cccc(Cl)c2Cl)CC1,0.16,0.08047934125029114,-11.088,11.088
decoy_56,decoy,O=C(NC(c1ccc(Cl)cc1)c1ccccn1)C1CCN(CCOc2ccc3cccnc3c2)CC1,0.37,0.6937400735311638,-11.257,11.257
decoy_57,decoy,COc1cc(NC(C)=O)c(Cl)cc1C(=O)NC[C@H]1CCN(Cc2ccccc2)C1,0.0125,0.45364682678362883,-9.444,9.444
decoy_58,decoy,COc1ccc(Br)cc1C1=NCC[C@H](CN2CCN(c3ccccc3)CC2)N1,0.23,0.011791078900272584,-10.491,10.491
decoy_59,decoy,CCc1cc(Cl)c(OC)c(N2CCN(C[C@H](F)CCNC(=O)c3cc4ccccc4[nH]3)CC2)c1,0.005,0.8971161497842195,-10.116,10.116
decoy_60,decoy,COc1ccc(Br)cc1C1=NCC[C@@H](CN2CCN(c3ccccc3)CC2)N1,0.23,0.011791078900272584,-9.766,9.766
decoy_61,decoy,COc1ccc(OCCN2CCN(C(=O)c3ccc(OC)cc3)CC2)cc1,0.0475,0.20254707172067207,-8.826,8.826
decoy_62,decoy,Cc1noc2c1C(=O)N(CCN1CCN(c3noc4ccccc34)CC1)CC2,0.1825,0.15701787048403765,-10.714,10.714
decoy_63,decoy,NCCCCN(C[C@H]1Cc2cccnc2CN1)[C@H]1CCCc2cccnc21,0.2125,0.4803932146849475,-8.497,8.497
